Year,Month,Company,Profit_Made,Vol_monthly
2013,1,AMD,-0.021428571428571394,0.1098440452901944
2013,1,Apple,-0.08074814285714316,1.1820100110649876
2013,1,Cisco,0.02476204761904707,0.29743026257561694
2013,1,Google,0.01649752380952392,0.4180462847137754
2013,1,Intel,0.02952357142857157,0.45950121218620266
2013,1,Meta,0.14428571428571452,1.2134688061407233
2013,1,Microsoft,-0.0066667142857141926,0.4779784329171507
2013,1,Nvidia,-0.007976190476190517,0.07180475345718842
2013,1,Salesforce,-0.01000028571428571,0.6372645213846808
2013,1,Yelp,0.05428595238095181,0.690031109961511
2013,2,AMD,-0.02526315789473684,0.10183692961749258
2013,2,Apple,-0.0605262631578947,0.41413563326397523
2013,2,Cisco,0.012105421052631203,0.2136166825799597
2013,2,Google,0.04966910526315728,0.31940384138707345
2013,2,Intel,-0.039473421052631685,0.3357719771565168
2013,2,Meta,-0.17526347368421094,0.7823223604209322
2013,2,Microsoft,-0.0189470000000009,0.2693883269602653
2013,2,Nvidia,0.009473684210526278,0.03926452872981255
2013,2,Salesforce,-0.07644689473684184,0.8526516728109144
2013,2,Yelp,0.07578936842105277,0.5335777927690946
2013,3,AMD,-0.005500000000000038,0.09083820202628619
2013,3,Apple,-0.006089199999999462,0.49210084033261137
2013,3,Cisco,0.03800005000000013,0.45315839974935757
2013,3,Google,-0.01671239999999994,0.30092042801428937
2013,3,Intel,0.04049979999999973,0.28605238561521473
2013,3,Meta,-0.07400015000000053,1.0487099108706917
2013,3,Microsoft,0.05350005000000024,0.17914713329774481
2013,3,Nvidia,0.001625000000000032,0.03408194459487913
2013,3,Salesforce,0.02974995000000078,1.341521205719772
2013,3,Yelp,0.07600010000000026,0.743377011524818
2013,4,AMD,0.015909090909090852,0.13493946053196607
2013,4,Apple,-6.490909090920124e-05,0.5302964858302699
2013,4,Cisco,0.054090545454545946,0.3593214134760388
2013,4,Google,0.0293785454545458,0.3761204371598075
2013,4,Intel,0.14499986363636372,0.9808585432697249
2013,4,Meta,0.019545454545454696,0.7453577884574519
2013,4,Microsoft,0.22863668181818173,1.4917962296584915
2013,4,Nvidia,0.01193181818181819,0.11450586716286015
2013,4,Salesforce,-0.10465936363636401,0.9225838049553187
2013,4,Yelp,0.0750000909090911,1.155085796423835
2013,5,AMD,0.04772727272727264,0.27878213809259816
2013,5,Apple,0.001850818181817941,0.3248784516297235
2013,5,Cisco,0.07454559090909108,1.5870988245459146
2013,5,Google,0.05128513636363605,0.6133544840935871
2013,5,Intel,0.0259093636363628,0.15999740663610465
2013,5,Meta,-0.2081818636363633,1.452401600380642
2013,5,Microsoft,0.19000054545454567,0.8622004850683298
2013,5,Nvidia,0.009431818181818163,0.10221445550126426
2013,5,Salesforce,0.2022729999999988,1.8209520719430983
2013,5,Yelp,-0.002272636363636464,1.3174443673742053
2013,6,AMD,-0.02750000000000006,0.08331297997058404
2013,6,Apple,-0.08657140000000033,0.6593980935266787
2013,6,Cisco,2.49999999724082e-07,0.23855877031710243
2013,6,Google,-0.027036200000000576,0.2884775502526652
2013,6,Intel,-0.059499899999999786,0.5276372854033713
2013,6,Meta,-0.03850005000000003,0.5166124205370041
2013,6,Microsoft,-0.019999450000000252,0.667208271556354
2013,6,Nvidia,-0.010875000000000034,0.05085712701697824
2013,6,Salesforce,-0.18549984999999972,0.9377234034173711
2013,6,Yelp,0.2759999000000004,2.1225603105932898
2013,7,AMD,-0.00909090909090912,0.2862222216620506
2013,7,Apple,0.03214272727272731,0.42832811736527615
2013,7,Cisco,0.024090636363636456,0.5324454483777747
2013,7,Google,-0.00478877272727293,0.3515626858598461
2013,7,Intel,-0.02863659090909126,0.46194879398999084
2013,7,Meta,0.1831815909090909,4.39825978188174
2013,7,Microsoft,-0.015000590909090955,1.7764207524153885
2013,7,Nvidia,0.0019318181818182214,0.04980264079647822
2013,7,Salesforce,0.18409127272727233,2.018854314485887
2013,7,Yelp,0.08318249999999949,2.811827510097059
2013,8,AMD,-0.020454545454545482,0.14776033596035462
2013,8,Apple,0.028003318181818025,0.6476152572049216
2013,8,Cisco,-0.04272731818181812,1.215002387381405
2013,8,Google,-0.05480568181818138,0.4722201167830182
2013,8,Intel,-0.04772713636363593,0.3609021236536008
2013,8,Meta,0.04772704545454525,1.4761225194346737
2013,8,Microsoft,0.010909045454545175,0.9131513234536743
2013,8,Nvidia,0.023636363636363678,0.05443382335957239
2013,8,Salesforce,0.179999772727274,1.4238713973502597
2013,8,Yelp,0.1118182272727272,1.8135276717232272
2013,9,AMD,0.012000000000000056,0.19998947340718784
2013,9,Apple,-0.09242865000000018,0.5513792201378643
2013,9,Cisco,0.02099995000000021,0.43007952630628493
2013,9,Google,0.019103149999999937,0.26756970721721535
2013,9,Intel,-0.025499899999999798,0.5326350078424896
2013,9,Meta,0.22350039999999893,2.9370909406563417
2013,9,Microsoft,0.03199985000000023,0.7347197974316366
2013,9,Nvidia,0.00750000000000004,0.0959141440368198
2013,9,Salesforce,0.18450045000000123,1.6954252407432244
2013,9,Yelp,0.4135000500000004,4.710119368305725
2013,10,AMD,-0.019565217391304412,0.31887524664812283
2013,10,Apple,0.021288913043478238,0.6252122782547697
2013,10,Cisco,-0.037391521739130636,0.31374900053449045
2013,10,Google,0.07408113043478268,1.8545833002514365
2013,10,Intel,0.07565186956521779,0.6778497694920669
2013,10,Meta,-0.16173969565217275,1.8817586922901255
2013,10,Microsoft,0.02695665217391384,0.8384943481146556
2013,10,Nvidia,-0.0032608695652173603,0.05001259722732793
2013,10,Salesforce,-0.08391269565217448,1.4253125442430319
2013,10,Yelp,0.004783521739129958,2.603436497297211
2013,11,AMD,-0.0014999999999999458,0.10250930638111302
2013,11,Apple,0.04994639999999961,0.36608219531231145
2013,11,Cisco,0.04250019999999992,1.0281994117466908
2013,11,Google,0.019862999999999964,0.3920396247553645
2013,11,Intel,0.019999750000000205,0.3834918636346808
2013,11,Meta,-0.1970000999999993,1.4813586117414375
2013,11,Microsoft,0.13250045000000021,0.7024010850020079
2013,11,Nvidia,0.0036249999999999893,0.11596073235094895
2013,11,Salesforce,-0.1405001500000001,1.6814950519362302
2013,11,Yelp,-0.35400004999999946,3.4256179388393613
2013,12,AMD,0.007619047619047563,0.08078189330360053
2013,12,Apple,-0.0353742857142859,0.25160693122964684
2013,12,Cisco,0.054285666666666815,0.5465794525090464
2013,12,Google,0.025974047619047303,0.5801333265140768
2013,12,Intel,0.04380966666666689,0.6971054934174814
2013,12,Meta,0.28571433333333357,3.708063366213968
2013,12,Microsoft,-0.05238076190476279,0.7888445812894093
2013,12,Nvidia,-0.0013095238095238027,0.07944000431592568
2013,12,Salesforce,0.15571442857142803,1.436942973899537
2013,12,Yelp,0.5557147142857163,2.5361656793849723
2014,1,AMD,-0.009523809523809617,0.3533358041243352
2014,1,Apple,-0.02340142857142795,0.675090627039875
2014,1,Cisco,0.0009523809523809321,0.36718046108199964
2014,1,Google,-0.07936952380952397,0.5469767348683027
2014,1,Intel,-0.007142857142857244,0.6141934727759237
2014,1,Meta,-0.032857238095238085,2.2505126023497506
2014,1,Microsoft,-0.07714333333333404,0.6320719651244647
2014,1,Nvidia,-0.002738095238095201,0.0633466464704141
2014,1,Salesforce,0.2790478095238097,2.2263862928525144
2014,1,Yelp,0.15809523809523776,4.643802950662032
2014,2,AMD,0.005789473684210543,0.14765813210456122
2014,2,Apple,0.030676684210525974,0.44636807919142263
2014,2,Cisco,0.051578578947369,0.3830465261929633
2014,2,Google,0.019663368421052457,0.7070826154200565
2014,2,Intel,-0.002105578947368327,0.3749416122192838
2014,2,Meta,0.2494726842105237,2.9996785091879032
2014,2,Microsoft,0.011578315789473348,0.6787430451551068
2014,2,Nvidia,0.033157894736842004,0.33543852767377985
2014,2,Salesforce,-0.003157473684211335,1.6353430509973799
2014,2,Yelp,-0.03526299999999899,6.566686770959849
2014,3,AMD,-0.0014285714285714828,0.12506569702131973
2014,3,Apple,-0.013537761904761308,0.1755468082750499
2014,3,Cisco,0.004761809523809832,0.3071854230642417
2014,3,Google,-0.19549476190476206,0.8747675539555904
2014,3,Intel,0.017618857142857502,0.40720518672498535
2014,3,Meta,-0.6342857619047632,3.856299029683552
2014,3,Microsoft,0.05380976190476176,1.1226337398326565
2014,3,Nvidia,-0.008333333333333451,0.07374061683650741
2014,3,Salesforce,-0.32571457142857085,2.5658869054246276
2014,3,Yelp,-1.533332523809522,7.447406243832093
2014,4,AMD,-0.022857142857142857,0.18679247461134119
2014,4,Apple,0.035442476190476094,0.9180688174418574
2014,4,Cisco,0.008571523809523555,0.26671296797515104
2014,4,Google,-0.19655571428571472,0.8330128446900752
2014,4,Intel,0.036666999999999644,0.339238889280472
2014,4,Meta,-0.3633334285714295,2.0407287213969982
2014,4,Microsoft,-0.07904814285714272,0.6333917723555041
2014,4,Nvidia,-0.006428571428571334,0.07291649659844106
2014,4,Salesforce,-0.352380952380953,2.364177894956668
2014,4,Yelp,-1.0990472857142841,5.881935032052662
2014,5,AMD,-0.0033333333333333045,0.07129749878735821
2014,5,Apple,0.06763595238095224,0.5372791141464085
2014,5,Cisco,0.004762333333332995,0.8060618490098397
2014,5,Google,0.04573171428571397,0.8566379614072861
2014,5,Intel,0.028095476190476427,0.3500370844987715
2014,5,Meta,0.08381000000000073,2.166435338259485
2014,5,Microsoft,0.01857080952380976,0.4253701364714776
2014,5,Nvidia,0.00714285714285716,0.07856374421297585
2014,5,Salesforce,-0.015238428571429097,1.3128121666870298
2014,5,Yelp,0.22428585714285681,4.652466318140398
2014,6,AMD,0.0038095238095239396,0.170190369600521
2014,6,Apple,-0.006802857142856751,0.29617888403386666
2014,6,Cisco,0.03952385714285677,0.14499916354632308
2014,6,Google,0.029253095238095637,0.5514477704464104
2014,6,Intel,0.1319050952380947,1.3361792933585988
2014,6,Meta,0.18809547619048012,1.6073681357020746
2014,6,Microsoft,0.07523842857142866,0.5431537222126251
2014,6,Nvidia,0.0009523809523810167,0.10216291844285752
2014,6,Salesforce,0.3695238095238094,2.7828571383179463
2014,6,Yelp,0.24571400000000057,5.6690094698788105
2014,7,AMD,0.015454545454545427,0.32702383513222477
2014,7,Apple,-0.025795727272727186,0.42056472462366157
2014,7,Cisco,0.035000272727272665,0.3173630890691264
2014,7,Google,-0.0065394545454549235,0.3880100970216103
2014,7,Intel,0.09590895454545455,1.5904796420773128
2014,7,Meta,-0.0445450909090891,3.8019557725767066
2014,7,Microsoft,-0.02590927272727196,1.26637391843821
2014,7,Nvidia,-0.002840909090909091,0.14407437991555655
2014,7,Salesforce,-0.18454559090909067,1.8922611797482896
2014,7,Yelp,-0.4359084545454557,3.810492572004857
2014,8,AMD,0.017619047619047666,0.08102321830661795
2014,8,Apple,0.07178561904761846,0.7139832828345208
2014,8,Cisco,0.005714000000000261,0.22386552979224367
2014,8,Google,-0.027581809523809397,0.36957699163496044
2014,8,Intel,0.04000000000000016,0.8416681363034623
2014,8,Meta,0.12571428571428575,0.9947450175103536
2014,8,Microsoft,0.07761919047618956,0.9538655696698334
2014,8,Nvidia,0.013809523809523811,0.17279021480782195
2014,8,Salesforce,0.140952190476191,2.4831177250731784
2014,8,Yelp,0.6776198095238098,6.162170474029745
2014,9,AMD,-0.038571428571428513,0.23204166292572015
2014,9,Apple,-0.017381047619047473,0.39396955008382056
2014,9,Cisco,0.06666661904761961,0.17825711166119207
2014,9,Google,0.016264761904761962,0.2930422039496881
2014,9,Intel,0.0195238095238097,0.2931638741325384
2014,9,Meta,0.29714457142857226,1.152243765319386
2014,9,Microsoft,0.16000000000000097,0.6581485031087195
2014,9,Nvidia,-0.015595238095238037,0.12152392964429022
2014,9,Salesforce,-0.04999980952381156,1.4659421173369105
2014,9,Yelp,-0.6795236666666641,5.376884863628543
2014,10,AMD,-0.02695652173913042,0.29192627256997733
2014,10,Apple,0.014891391304347657,0.8744952365821606
2014,10,Cisco,-0.028695826086956554,0.7849709389401817
2014,10,Google,-0.06512552173913037,0.9363813869494263
2014,10,Intel,0.026086434782609146,1.0714546804850988
2014,10,Meta,0.09173899999999968,2.5483100542081023
2014,10,Microsoft,0.013478565217391561,1.2555426288137241
2014,10,Nvidia,0.005217391304347869,0.16722301740312887
2014,10,Salesforce,0.2395651739130435,2.9144601937358114
2014,10,Yelp,-0.16434730434782746,5.046898885419444
2014,11,AMD,-0.010000000000000044,0.07863975156570505
2014,11,Apple,0.09394710526315782,0.9717867854797332
2014,11,Cisco,0.19578926315789447,0.9755480653046932
2014,11,Google,-0.06387721052631602,0.2997111103265036
2014,11,Intel,0.1984215789473695,1.280150245705793
2014,11,Meta,0.07000005263157723,1.1959068697015207
2014,11,Microsoft,0.053157894736843125,0.7211671081221513
2014,11,Nvidia,0.009605263157894742,0.10341359361819576
2014,11,Salesforce,-0.06368457894736791,2.2610108283998547
2014,11,Yelp,-0.11157857894736735,1.5390071653603685
2014,12,AMD,-0.0018181818181817794,0.07896105676121912
2014,12,Apple,-0.07761377272727205,0.5971927497260274
2014,12,Cisco,0.038636318181818036,0.6007389443187106
2014,12,Google,-0.0170669999999997,0.5252656175174283
2014,12,Intel,-0.0404552727272735,0.6018869676439939
2014,12,Meta,-0.025455454545454937,2.166899494151418
2014,12,Microsoft,-0.07999999999999959,0.9330764648314376
2014,12,Nvidia,-0.01738636363636361,0.11668380749159632
2014,12,Salesforce,0.010000363636363958,2.1339763150828537
2014,12,Yelp,-0.02999995454545418,1.3322455451763422
2015,1,AMD,0.005500000000000016,0.11434481554537239
2015,1,Apple,-0.13062470000000043,0.8982609040897687
2015,1,Cisco,-0.06400004999999993,0.5465131040471497
2015,1,Google,-0.04021475000000034,0.7265429495917654
2015,1,Intel,-0.12200025000000103,1.1096346782902557
2015,1,Meta,-0.3065004999999985,1.103755113335756
2015,1,Microsoft,-0.12500034999999948,2.1314817049481087
2015,1,Nvidia,-0.01599999999999997,0.11682870952133756
2015,1,Salesforce,-0.20000044999999994,1.0634817499244689
2015,1,Yelp,-0.3815000000000005,1.6141922236021924
2015,2,AMD,0.026315789473684233,0.1426667486472957
2015,2,Apple,0.10210542105263105,1.232863051578762
2015,2,Cisco,0.0763159999999998,1.2547000346535264
2015,2,Google,0.10353126315789452,0.47873716248390824
2015,2,Intel,0.029473684210526808,0.46365601076376883
2015,2,Meta,0.08842115789473544,2.012129434614772
2015,2,Microsoft,0.08157826315789407,0.9267766079244302
2015,2,Nvidia,0.0199999999999999,0.2457387567106733
2015,2,Salesforce,0.307368210526315,3.5144256821538593
2015,2,Yelp,0.004737157894736224,4.130081450494737
2015,3,AMD,-0.019090909090909106,0.1540372980076226
2015,3,Apple,-0.12386404545454481,0.5067350566745867
2015,3,Cisco,-0.0027273181818188164,0.8030695688303863
2015,3,Google,-0.032070863636363196,0.45383862371633504
2015,3,Intel,0.05590881818181825,1.333036152054744
2015,3,Meta,0.11590959090909146,2.3453320608735604
2015,3,Microsoft,-0.008181181818182443,0.9034309236758903
2015,3,Nvidia,0.0020454545454544615,0.19099760883342626
2015,3,Salesforce,0.06227240909090881,1.5204266813715654
2015,3,Yelp,0.06727259090909078,0.9896380025132681
2015,4,AMD,-0.0052380952380952535,0.20759621980226584
2015,4,Apple,-0.060952714285714346,0.5296452800161141
2015,4,Cisco,0.07857133333333334,0.6647476321349794
2015,4,Google,-0.03311719047619056,0.47864791351926744
2015,4,Intel,0.13476219047619103,0.7426270772454971
2015,4,Meta,-0.2223818571428563,1.256854447138275
2015,4,Microsoft,0.3947619047619047,3.007868497402801
2015,4,Nvidia,0.025357142857142717,0.11132521534418276
2015,4,Salesforce,0.41190490476190333,2.047155874972343
2015,4,Yelp,0.09619057142857168,2.6267516567047697
2015,5,AMD,-0.008000000000000007,0.034224491076912625
2015,5,Apple,0.013499799999999063,0.5957707821220014
2015,5,Cisco,0.006999700000000786,0.26521911537131815
2015,5,Google,-0.011574799999999996,0.24499000772403098
2015,5,Intel,0.1224994500000001,0.5934683164528295
2015,5,Meta,-0.051500249999998714,1.220035009853512
2015,5,Microsoft,-0.0569995500000001,0.6550371841611075
2015,5,Nvidia,0.018124999999999815,0.17421416606549206
2015,5,Salesforce,0.0594998000000011,1.168756374102794
2015,5,Yelp,0.609999800000001,3.502053487297986
2015,6,AMD,-0.00045454545454544484,0.12715671892916688
2015,6,Apple,-0.051704545454544615,0.36097022706545967
2015,6,Cisco,-0.09272686363636415,0.46445982393791774
2015,6,Google,-0.0459437727272726,0.28872975130445183
2015,6,Intel,-0.1509090909090914,0.8133430454944525
2015,6,Meta,0.3031813636363668,2.8157019156734884
2015,6,Microsoft,-0.14000013636363595,0.7474822045991675
2015,6,Nvidia,-0.01375000000000005,0.15197420178654708
2015,6,Salesforce,-0.16000018181818182,1.4740785305709267
2015,6,Yelp,-0.22363645454545472,1.6163300250881838
2015,7,AMD,-0.01090909090909094,0.24095049876923474
2015,7,Apple,-0.028749863636364156,0.7523823379848309
2015,7,Cisco,0.01000018181818163,0.4918635449393763
2015,7,Google,0.09465900000000005,2.879481468359189
2015,7,Intel,-0.08681836363636303,0.6381441824015087
2015,7,Meta,0.04454586363636537,4.371359797428765
2015,7,Microsoft,0.12863659090908994,0.9880696344450833
2015,7,Nvidia,-0.010340909090909173,0.07619751049778871
2015,7,Salesforce,-0.017727590909090776,1.5626246547277272
2015,7,Yelp,-0.23954513636363697,3.917249323550695
2015,8,AMD,0.010952380952380962,0.16149008520354316
2015,8,Apple,-0.01119033333333299,1.1040551107925978
2015,8,Cisco,-0.09666657142857156,1.3222216319515139
2015,8,Google,-0.12945761904761963,1.1167701764691988
2015,8,Intel,0.037142619047619195,1.0776383575961992
2015,8,Meta,-0.05618938095238134,4.120953533936285
2015,8,Microsoft,-0.03523747619047649,2.152943193243674
2015,8,Nvidia,0.01226190476190465,0.32457761013353936
2015,8,Salesforce,-0.27809461904761673,2.340241711875897
2015,8,Yelp,-0.07476209523809493,1.170577884026429
2015,9,AMD,-0.009047619047619066,0.08980401942431034
2015,9,Apple,-0.05369057142857193,0.622847814363695
2015,9,Cisco,0.04428619047618994,0.35168829204628593
2015,9,Google,-0.04307152380952385,0.7035101447032936
2015,9,Intel,0.08904757142857125,0.5423272500026418
2015,9,Meta,0.05333376190476307,2.615003752980312
2015,9,Microsoft,0.09285719047618948,0.6015500436380524
2015,9,Nvidia,0.02071428571428578,0.17791383682370915
2015,9,Salesforce,0.006190714285715498,1.7941203030891875
2015,9,Yelp,-0.07428590476190455,1.2882838859544947
2015,10,AMD,0.019999999999999976,0.13853985001901087
2015,10,Apple,0.10886377272727253,0.8619965394640525
2015,10,Cisco,0.10409086363636387,1.0102813415107008
2015,10,Google,0.0653409545454541,1.5850434859142437
2015,10,Intel,0.22545459090909165,1.356679129568598
2015,10,Meta,0.4663623181818172,4.547594388840733
2015,10,Microsoft,0.24818163636363685,3.0842994603798832
2015,10,Nvidia,0.04034090909090914,0.32917695474086217
2015,10,Salesforce,0.31454472727272725,1.6942298353990017
2015,10,Yelp,0.004091136363635945,0.8193777394546433
2015,11,AMD,0.015500000000000014,0.13040322081911954
2015,11,Apple,-0.013874999999999815,0.7029495682669737
2015,11,Cisco,-0.009500000000000241,0.6906093082430839
2015,11,Google,0.08762544999999981,0.5867945209972095
2015,11,Intel,0.08850029999999975,0.8802058621656824
2015,11,Meta,-0.10450085000000016,1.884499000043342
2015,11,Microsoft,0.10999990000000075,0.5221762890481472
2015,11,Nvidia,0.003249999999999931,0.3048376131561472
2015,11,Salesforce,-0.028000799999999514,1.4899705885845116
2015,11,Yelp,0.44249980000000005,2.4445483958349996
2015,12,AMD,0.02681818181818181,0.2665573368954867
2015,12,Apple,-0.14227272727272788,1.1434365247993072
2015,12,Cisco,-0.016818181818182187,0.4445800311188483
2015,12,Google,-0.03725013636363657,0.5091256665871932
2015,12,Intel,-0.03545454545454551,0.39889869603443795
2015,12,Meta,-0.10227277272727196,1.1853139286827696
2015,12,Microsoft,-0.027272909090908373,0.6710661562482234
2015,12,Nvidia,0.011704545454545629,0.10313150150042202
2015,12,Salesforce,-0.10954572727272578,1.5304077969271512
2015,12,Yelp,-0.040000045454545614,1.4685419157786064
2016,1,AMD,-0.02684210526315794,0.2499520421837215
2016,1,Apple,-0.06934221052631603,0.7255902437217134
2016,1,Cisco,-0.16947336842105223,1.1669402946288119
2016,1,Google,-0.05036852631579037,0.8209769214536228
2016,1,Intel,-0.03052557894736907,1.541674879561197
2016,1,Meta,-0.21842042105263199,4.9438711107681605
2016,1,Microsoft,-0.08157863157894764,1.4459140826235457
2016,1,Nvidia,-0.04026315789473683,0.40882904926199626
2016,1,Salesforce,-0.3052613684210518,3.1449860540794883
2016,1,Yelp,-0.2568422631578941,2.2091708829995333
2016,2,AMD,-0.00800000000000003,0.09925512050956571
2016,2,Apple,0.01262524999999961,0.3104100196780312
2016,2,Cisco,0.015000099999999784,1.6517680193628397
2016,2,Google,-0.18299980000000068,1.1300903523481485
2016,2,Intel,-0.004500099999999918,0.6186735576602231
2016,2,Meta,-0.09000010000000173,4.607236049052511
2016,2,Microsoft,-0.19000005000000045,1.36397821417272
2016,2,Nvidia,0.0004999999999999894,0.6304391091887757
2016,2,Salesforce,-0.13399985000000036,4.313323659894263
2016,2,Yelp,0.019500199999999968,1.811700381308109
2016,3,AMD,0.030000000000000027,0.23869776575540758
2016,3,Apple,0.11261372727272732,0.6974210947629987
2016,3,Cisco,0.08499981818181772,0.5550846342011745
2016,3,Google,0.0895679545454542,0.8130126997469539
2016,3,Intel,0.0895454545454553,0.7545663839536417
2016,3,Meta,0.2313629090909111,2.7666588050801666
2016,3,Microsoft,0.22363618181818107,1.1298741445838147
2016,3,Nvidia,0.051249999999999976,0.3245728961806032
2016,3,Salesforce,0.40136336363636166,1.1756255653928138
2016,3,Yelp,0.03181786363636425,0.8083892620812145
2016,4,AMD,0.027142857142857198,0.442520916912141
2016,4,Apple,-0.011666809523809548,1.3117427581186356
2016,4,Cisco,0.0019050476190470263,0.358573309102184
2016,4,Google,-0.08059547619047537,1.0956592101674012
2016,4,Intel,-0.020000095238095417,0.43980250735641824
2016,4,Meta,-0.2490482380952374,2.5343755736453764
2016,4,Microsoft,-0.025714095238094325,2.1102358698906283
2016,4,Nvidia,0.00297619047619073,0.13319896503244436
2016,4,Salesforce,0.139524619047618,0.8273226363258731
2016,4,Yelp,0.11999980952380913,0.7684263476187093
2016,5,AMD,0.0395238095238095,0.31778923833257783
2016,5,Apple,0.004047285714286258,0.7581092747832822
2016,5,Cisco,0.024762047619047746,0.966404973650244
2016,5,Google,0.1144763809523803,0.5868388075229424
2016,5,Intel,0.030951857142857215,0.6452323351951724
2016,5,Meta,0.12428428571428456,1.198392941541027
2016,5,Microsoft,0.11999985714285731,0.8993804487382755
2016,5,Nvidia,0.08523809523809503,1.1457086079303564
2016,5,Salesforce,0.1080950952380954,3.643239294168918
2016,5,Yelp,0.08000000000000015,1.6053267177329085
2016,6,AMD,0.010909090909090797,0.3860993748670506
2016,6,Apple,0.00840904545454535,0.5184936988916796
2016,6,Cisco,0.06409099999999962,0.5098341574432201
2016,6,Google,-0.06247709090909029,0.9644772198535051
2016,6,Intel,0.0950002272727267,0.484197972106105
2016,6,Meta,-0.09772772727272767,2.672912216724904
2016,6,Microsoft,0.11954522727272666,1.1466345845463806
2016,6,Nvidia,0.005909090909090864,0.18099741692926133
2016,6,Salesforce,-0.03181881818181735,1.9893226761904403
2016,6,Yelp,0.13227272727272696,1.1384352687466397
2016,7,AMD,0.057499999999999926,0.7552002174397553
2016,7,Apple,0.026375200000000022,0.6832728325092444
2016,7,Cisco,0.05499989999999997,0.7975679106544328
2016,7,Google,0.07645009999999956,1.0127111462223037
2016,7,Intel,0.13400014999999996,0.8833731279953232
2016,7,Meta,0.08300054999999915,3.142593468149702
2016,7,Microsoft,0.09399940000000022,2.0742900397107635
2016,7,Nvidia,0.08212500000000018,0.7771829506723574
2016,7,Salesforce,-0.060498799999999166,1.2296023274574723
2016,7,Yelp,0.09749999999999996,0.8650818348881026
2016,8,AMD,-0.00652173913043476,0.49065496276927545
2016,8,Apple,0.05054369565217358,0.3536751764055838
2016,8,Cisco,0.02782608695652161,0.3138889714593265
2016,8,Google,0.06554360869565155,0.2948978507571301
2016,8,Intel,0.06347839130434785,0.4007483161374988
2016,8,Meta,0.11304395652173953,0.9802173058694618
2016,8,Microsoft,0.05173900000000178,0.4796319472509651
2016,8,Nvidia,-0.02728260869565223,0.5876183759305231
2016,8,Salesforce,-0.06086956521739093,1.6218777590747304
2016,8,Yelp,0.1569563913043483,2.772002302755725
2016,9,AMD,-0.02238095238095237,0.5007342228216102
2016,9,Apple,0.04595200000000011,0.9242846614509773
2016,9,Cisco,0.06666652380952359,0.3167740548996867
2016,9,Google,0.03623809523809537,0.40004340692037527
2016,9,Intel,0.015714285714285632,0.7228959695962405
2016,9,Meta,0.19047676190476318,1.268540879125562
2016,9,Microsoft,0.04142842857142813,0.5240370918366014
2016,9,Nvidia,0.0809523333333335,0.6083560205001128
2016,9,Salesforce,-0.1223805714285714,1.805143711033111
2016,9,Yelp,0.1090473809523815,1.5333432779391707
2016,10,AMD,0.0009523809523809744,0.27295734883991385
2016,10,Apple,-0.009166238095238114,0.4695338165220798
2016,10,Cisco,-0.030000333333333122,0.5376987790579054
2016,10,Google,-0.09223857142857146,0.5894403414271814
2016,10,Intel,-0.10523771428571461,1.3194911776720288
2016,10,Meta,-0.12237895238094966,1.6069351039345199
2016,10,Microsoft,-0.02190490476190478,1.4404337476713591
2016,10,Nvidia,0.007143142857142068,0.5392315622722293
2016,10,Salesforce,0.1476182857142867,1.910741705017223
2016,10,Yelp,-0.4357139047619053,3.5048247128985643
2016,11,AMD,0.02190476190476182,1.0058374856899335
2016,11,Apple,0.017976142857143208,0.4243271393384618
2016,11,Cisco,0.02380942857142864,0.6538473398719994
2016,11,Google,-0.07138095238095148,0.6024443112190099
2016,11,Intel,-0.0071430476190477475,0.4722950861797769
2016,11,Meta,-0.38381014285714005,3.429941504930424
2016,11,Microsoft,-0.03333371428571312,0.8700840560936137
2016,11,Nvidia,0.031785761904761976,2.86015119106499
2016,11,Salesforce,-0.504285904761903,1.4681288336344123
2016,11,Yelp,0.07238128571428637,1.5089021506985507
2016,12,AMD,0.035238095238095166,1.0892940046522934
2016,12,Apple,0.08500023809523767,0.7150436626532998
2016,12,Cisco,-0.03142876190476143,0.46763099351500437
2016,12,Google,-0.007071523809523498,0.7852286405981058
2016,12,Intel,0.041904714285715204,1.0385880810715309
2016,12,Meta,-0.1614291428571421,1.6919473792633162
2016,12,Microsoft,0.014285666666665975,1.4228901100365583
2016,12,Nvidia,0.11071438095238102,2.1641121561328065
2016,12,Salesforce,-0.1147607142857151,1.0603820721819637
2016,12,Yelp,-0.07285723809523859,1.390938193417051
2017,1,AMD,-0.03699999999999992,0.6201943668170324
2017,1,Apple,0.11912494999999997,0.4509477642177729
2017,1,Cisco,0.0009999000000002311,0.3184501167253834
2017,1,Google,0.018937350000000918,0.6604987814392089
2017,1,Intel,-0.017500100000001594,0.4826505450455651
2017,1,Meta,0.5789989000000005,4.33340851403245
2017,1,Microsoft,0.006499450000001161,1.00944240856651
2017,1,Nvidia,0.02900000000000027,0.7552108142418896
2017,1,Salesforce,0.43600009999999967,2.244292479298552
2017,1,Yelp,0.19999944999999997,1.1971367195372793
2017,2,AMD,0.10421052631578968,0.7982228066917197
2017,2,Apple,0.11986794736842112,0.7602187207209984
2017,2,Cisco,0.14000031578947383,1.352320526687954
2017,2,Google,0.08001336842105233,0.606808573007357
2017,2,Intel,-0.032105052631579076,0.3709132603012971
2017,2,Meta,0.1915765263157904,1.580065952843169
2017,2,Microsoft,-0.021052736842106044,0.5047910265361034
2017,2,Nvidia,-0.0753947368421055,1.4595402901589076
2017,2,Salesforce,0.10526268421052602,0.9140537149768064
2017,2,Yelp,-0.17421026315789329,3.756765498894747
2017,3,AMD,-0.02304347826086946,0.48827112924293825
2017,3,Apple,0.06391313043478233,0.4308738227463518
2017,3,Cisco,0.004782434782608801,0.19174825548142663
2017,3,Google,-0.0020439130434779613,0.5313028083586332
2017,3,Intel,-0.016956652173913355,0.3205394940931219
2017,3,Meta,0.2630434347826093,1.7123051839392271
2017,3,Microsoft,0.07695586956521577,0.466362083078535
2017,3,Nvidia,0.034239043478261,1.0548770854818872
2017,3,Salesforce,0.001304347826086388,0.7487437178793299
2017,3,Yelp,-0.03173882608695669,0.8252878144026579
2017,4,AMD,-0.03263157894736848,0.5574172899074085
2017,4,Apple,-0.035789999999999406,0.30741303089784816
2017,4,Cisco,-0.06736868421052608,0.43769491932177396
2017,4,Google,0.0748164210526312,1.1381769914000561
2017,4,Intel,0.01947415789473551,0.5388908408063042
2017,4,Meta,0.1368431578947354,3.0153780016091947
2017,4,Microsoft,-0.06736842105263163,1.1744128718273195
2017,4,Nvidia,-0.006184157894736773,0.8034695512289918
2017,4,Salesforce,0.07999978947368454,0.9776064394296654
2017,4,Yelp,0.012105315789472638,1.0292352506455258
2017,5,AMD,-0.027727272727273024,0.828643730984814
2017,5,Apple,0.06545445454545468,0.7476188826333723
2017,5,Cisco,-0.05409081818181831,1.2925256319231737
2017,5,Google,0.12947777272727248,0.8934527006724642
2017,5,Intel,-9.090909035659354e-08,0.5488591698361257
2017,5,Meta,-0.09317986363636134,1.9147041327007772
2017,5,Microsoft,0.08909086363636347,0.7422119382665062
2017,5,Nvidia,0.13863640909090916,3.971378929817735
2017,5,Salesforce,-0.0240910454545471,1.523853788124561
2017,5,Yelp,-0.061817909090908944,3.522647235288568
2017,6,AMD,-0.007272727272727198,1.0433156644839452
2017,6,Apple,-0.09590986363636295,1.1085783201498076
2017,6,Cisco,-0.01772731818181793,0.2624909009361147
2017,6,Google,-0.1396363181818181,1.0093629028560196
2017,6,Intel,-0.08318154545454606,0.97636732708755
2017,6,Meta,-0.03318163636363636,1.8048869208080738
2017,6,Microsoft,-0.043636590909090694,1.1053874515360644
2017,6,Nvidia,-0.16159204545454517,1.22180267029578
2017,6,Salesforce,-0.21863731818181717,1.8421338420535993
2017,6,Yelp,0.06727272727272714,0.5774354768030465
2017,7,AMD,-0.03499999999999979,0.5419545523769552
2017,7,Apple,0.05074970000000114,0.8150494533357029
2017,7,Cisco,0.023999999999999844,0.37274628919088026
2017,7,Google,0.05810005000000018,1.14941716563641
2017,7,Intel,0.08200010000000084,0.5342540998056511
2017,7,Meta,0.36699835000000147,7.242432438161173
2017,7,Microsoft,0.16700064999999925,2.0582866133739377
2017,7,Nvidia,0.0748753500000003,2.289371975248719
2017,7,Salesforce,0.1794998000000021,1.3939827854421631
2017,7,Yelp,0.1270000000000003,1.1573040493460158
2017,8,AMD,-0.06565217391304339,0.47862244686215455
2017,8,Apple,0.018586956521739525,0.7708447571821258
2017,8,Cisco,0.04130460869565226,0.47972135246235753
2017,8,Google,0.018086869565216854,0.419118374369447
2017,8,Intel,-0.02739143478260817,0.7759594858734731
2017,8,Meta,0.07434813043477848,1.6812257143952718
2017,8,Microsoft,0.10130582608695704,0.7012929265703466
2017,8,Nvidia,0.02380452173913028,0.9568824792484605
2017,8,Salesforce,0.17434730434782453,2.065453421180027
2017,8,Yelp,0.1808690869565214,3.3498880360737693
2017,9,AMD,-0.05899999999999998,0.4210713153749361
2017,9,Apple,-0.12512505000000046,0.9887852566943737
2017,9,Cisco,0.08199979999999929,0.7158584851338752
2017,9,Google,0.02142495000000011,0.5222027795574485
2017,9,Intel,0.13650015000000018,0.9437236889052728
2017,9,Meta,-0.17600015000000013,2.8273075662980816
2017,9,Microsoft,-0.020999099999999514,0.6867499144179465
2017,9,Nvidia,-0.054749750000000576,1.8458155739904611
2017,9,Salesforce,-0.16000039999999913,1.5400501230235903
2017,9,Yelp,0.07350029999999955,0.6384645828709834
2017,10,AMD,-0.01681818181818162,1.044285625455252
2017,10,Apple,0.11534140909090886,0.9914455406456387
2017,10,Cisco,0.01590831818181826,0.3751921089472461
2017,10,Google,0.030113545454545424,0.9388573920940999
2017,10,Intel,0.18318222727272693,1.8086613203628585
2017,10,Meta,-0.0886342272727244,3.1738222267251235
2017,10,Microsoft,0.04636454545454685,2.696080222780225
2017,10,Nvidia,0.14011318181818053,2.072299578281108
2017,10,Salesforce,0.3077277272727292,2.134642450814764
2017,10,Yelp,0.15136427272727362,1.2082896845980478
2017,11,AMD,-0.04047619047619029,0.3359832762277941
2017,11,Apple,-0.021071142857143024,0.6686573069638073
2017,11,Cisco,0.05857171428571443,1.3445975445149143
2017,11,Google,0.08502319047619131,0.4675590918817179
2017,11,Intel,0.001905095238095371,0.9391795515750598
2017,11,Meta,0.045715238095234714,2.018293902784103
2017,11,Microsoft,0.07238071428571605,0.6608693043160642
2017,11,Nvidia,-0.25904733333333396,1.2879810904876778
2017,11,Salesforce,-0.07809509523809698,2.0203699502469634
2017,11,Yelp,-0.08571433333333375,0.9033267563903512
2017,12,AMD,-0.0485000000000003,0.37962585459065346
2017,12,Apple,0.04237534999999966,0.575863095722115
2017,12,Cisco,-0.005499950000000453,0.45559050311420674
2017,12,Google,0.0386995499999994,1.097573397062051
2017,12,Intel,0.012500149999999977,1.5505629042729177
2017,12,Meta,-0.08799975000000444,2.3532813333882685
2017,12,Microsoft,-0.07749945000000125,1.5759385530216923
2017,12,Nvidia,-0.11662485000000018,1.0321143123979355
2017,12,Salesforce,-0.22249954999999844,1.3480208845031068
2017,12,Yelp,-0.09500039999999998,0.9383650096120364
2018,1,AMD,0.072857142857143,0.6224896250808786
2018,1,Apple,-0.004047571428570575,0.9011760308998245
2018,1,Cisco,0.11999947619047462,1.2374898921384183
2018,1,Google,0.17847642857142854,1.7230336779607294
2018,1,Intel,0.07999966666666614,2.165040886285396
2018,1,Meta,0.3785719047619044,3.76891120433474
2018,1,Microsoft,0.10857099999999843,2.62786175066765
2018,1,Nvidia,0.37178600000000017,3.088211287844526
2018,1,Salesforce,0.24904819047619126,2.7710560824445496
2018,1,Yelp,0.009047523809522926,0.6345417651096851
2018,2,AMD,-0.07526315789473692,0.4794557099230104
2018,2,Apple,0.09065784210526162,1.954145596535174
2018,2,Cisco,-0.024736894736842662,2.170532723086591
2018,2,Google,-0.021131263157894715,2.022527961270452
2018,2,Intel,-0.01263115789473801,1.8955558965384858
2018,2,Meta,-0.45210415789473535,5.374293914528154
2018,2,Microsoft,-0.06947352631579026,2.6112966477440778
2018,2,Nvidia,-0.23486852631578914,2.5647679088369157
2018,2,Salesforce,0.09736952631579013,3.6344401544154272
2018,2,Yelp,0.3247365789473673,2.350683733195534
2018,3,AMD,-0.10857142857142837,0.6980650126634049
2018,3,Apple,-0.13773771428571482,1.2016520505027009
2018,3,Cisco,-0.14571433333333297,1.058185190787095
2018,3,Google,-0.2308816666666673,2.498091023925721
2018,3,Intel,0.04666652380952402,1.1685200697185154
2018,3,Meta,0.03999833333333229,11.259977939161082
2018,3,Microsoft,-0.33142866666666615,2.3461155779600507
2018,3,Nvidia,-0.21226195238095208,2.0988202249947805
2018,3,Salesforce,-0.1661904761904773,4.889691935851216
2018,3,Yelp,-0.10047633333333363,1.8952193003527764
2018,4,AMD,-0.040952380952381094,0.4662882819723883
2018,4,Apple,0.01726204761904746,1.249001609229723
2018,4,Cisco,-0.04095185714285641,1.3753128766804759
2018,4,Google,-0.1359521428571433,1.2158482836918303
2018,4,Intel,-0.23666638095238093,1.4137432255916875
2018,4,Meta,-0.3528560000000014,5.814231775460971
2018,4,Microsoft,-0.31619138095238275,2.2043680405925454
2018,4,Nvidia,-0.2792855714285712,1.589574674005512
2018,4,Salesforce,-0.24285671428571579,2.594938001242169
2018,4,Yelp,0.055237809523810424,1.2913680429249652
2018,5,AMD,0.11954545454545434,0.9189007407922634
2018,5,Apple,0.14511304545454576,1.2454864265821755
2018,5,Cisco,0.1013634090909092,1.1935210572017352
2018,5,Google,0.2627277727272728,1.080999841932094
2018,5,Intel,0.1872733181818182,0.9971548143648183
2018,5,Meta,1.0190908181818152,4.729699283405596
2018,5,Microsoft,0.3486367727272718,1.5259098755552485
2018,5,Nvidia,0.30056777272727264,2.1592004254775214
2018,5,Salesforce,0.15045613636363697,2.196537861070822
2018,5,Yelp,-0.03863672727272642,1.7740703809669385
2018,6,AMD,0.01619057142857152,0.7146699328062108
2018,6,Apple,-0.024762190476190243,0.9079079299614398
2018,6,Cisco,0.03904747619047623,0.6422370457289078
2018,6,Google,0.06152338095238211,0.9976426000083849
2018,6,Intel,-0.1623807619047619,2.699105093562794
2018,6,Meta,0.29285680952380927,3.9064801692551665
2018,6,Microsoft,-0.10381066666666479,1.3514310006188905
2018,6,Nvidia,-0.16809623809523866,2.6767635531557934
2018,6,Salesforce,0.22666571428571083,2.549009795226318
2018,6,Yelp,-0.021428619047620077,1.4182076898580673
2018,7,AMD,0.03714299999999978,1.1351692749166256
2018,7,Apple,0.028809619047618997,0.6572815918900118
2018,7,Cisco,-0.031904761904762664,0.4558125441782329
2018,7,Google,0.2063094761904768,2.278892946653786
2018,7,Intel,0.044285714285713595,1.5667768378186018
2018,7,Meta,0.6347612857142879,14.2187486420727
2018,7,Microsoft,0.05285828571428483,3.2446434175649275
2018,7,Nvidia,0.0952379047619049,1.109603001077858
2018,7,Salesforce,-0.04809561904762036,3.871190490388935
2018,7,Yelp,-0.10095195238095267,1.088023881960016
2018,8,AMD,0.21956491304347844,2.4921302542584103
2018,8,Apple,0.21478282608695617,1.626075775472998
2018,8,Cisco,0.16434804347826037,1.721043175007023
2018,8,Google,-0.024260434782607313,0.7992315885704027
2018,8,Intel,0.1360868695652174,1.0429447363140603
2018,8,Meta,-0.10652347826087209,4.187375523309926
2018,8,Microsoft,0.23043460869565002,1.7431256018880619
2018,8,Nvidia,0.4221734782608695,2.719167803109217
2018,8,Salesforce,0.47739099999999907,4.326027721791873
2018,8,Yelp,0.18260865217391267,3.9526077408723226
2018,9,AMD,0.14052573684210662,1.7659295806794113
2018,9,Apple,-0.06434184210526327,0.8334279212554978
2018,9,Cisco,0.06263184210526238,0.6151864712799213
2018,9,Google,-0.05347384210526342,0.6037233363227904
2018,9,Intel,-0.024210631578947147,0.894299683735195
2018,9,Meta,0.14421015789473676,2.847942157666543
2018,9,Microsoft,0.16052536842104964,2.162493615108784
2018,9,Nvidia,-0.0010512631578934947,1.3339824638966218
2018,9,Salesforce,0.35736810526315377,3.566976721261656
2018,9,Yelp,0.05315789473684125,2.313427680062287
2018,10,AMD,-0.3452173478260868,4.136149803079944
2018,10,Apple,-0.08858730434782495,1.3501541764111264
2018,10,Cisco,-0.2091305217391297,1.6806179298249007
2018,10,Google,-0.25708652173913016,2.496999297917769
2018,10,Intel,-0.25391373913043475,1.5740788565261905
2018,10,Meta,-0.6856531739130439,5.41924519291818
2018,10,Microsoft,-0.5847831304347851,3.6529315678037007
2018,10,Nvidia,-0.7839130869565217,7.695866547052588
2018,10,Salesforce,-1.27000091304348,8.547742680104337
2018,10,Yelp,-0.30000000000000054,2.374691837199383
2018,11,AMD,0.2152380000000002,0.9384472142856768
2018,11,Apple,-0.1459523809523805,3.5853714880450767
2018,11,Cisco,-0.0057141428571434345,1.1881562023338292
2018,11,Google,0.05954738095238099,1.1624839359355827
2018,11,Intel,0.15190528571428563,0.7888358292903929
2018,11,Meta,-0.1271427142857154,6.697734113917689
2018,11,Microsoft,0.04428652380952209,2.8917634641714813
2018,11,Nvidia,-0.1435711904761901,7.041826639223843
2018,11,Salesforce,-0.25857261904761775,7.183650612667091
2018,11,Yelp,0.2914279523809523,5.430298728957323
2018,12,AMD,-0.2000000000000006,1.7303476466607741
2018,12,Apple,-0.24421000000000023,2.358232709154838
2018,12,Cisco,-0.3163155789473677,2.5315144186117626
2018,12,Google,-0.25997357894736844,1.495032682392609
2018,12,Intel,-0.17631521052631657,1.4559530984994897
2018,12,Meta,-0.368422947368423,6.242874244125996
2018,12,Microsoft,-0.6300013157894755,4.601268766501733
2018,12,Nvidia,-0.43828999999999907,2.8331651728041987
2018,12,Salesforce,-0.3505265789473698,6.111478384051935
2018,12,Yelp,0.050000578947368604,1.1291948766342483
2019,1,AMD,0.23761895238095254,1.4973932527658718
2019,1,Apple,0.13940504761904665,1.335349783996893
2019,1,Cisco,0.1942855714285724,1.5278599832854753
2019,1,Google,0.14209490476190434,1.0433577635459577
2019,1,Intel,0.20857185714285686,1.1229223563889859
2019,1,Meta,0.8709527142857144,6.908925375484735
2019,1,Microsoft,0.18380880952381062,2.4577613443762782
2019,1,Nvidia,0.31083309523809616,2.1391802058796845
2019,1,Salesforce,0.5961913809523791,5.450364252713786
2019,1,Yelp,0.10428590476190552,0.9186126148144897
2019,2,AMD,-0.08157894736842035,0.6160837498609186
2019,2,Apple,0.0839461052631584,0.5291011851057591
2019,2,Cisco,0.1910528947368416,1.6597304202478578
2019,2,Google,0.08255284210526413,0.6322162847269825
2019,2,Intel,0.2563160526315789,1.5937223793186206
2019,2,Meta,0.05894868421052772,3.055420558177572
2019,2,Microsoft,0.417367263157895,2.770733291142851
2019,2,Nvidia,-0.03947368421052744,1.1183437314670208
2019,2,Salesforce,0.5473673157894753,2.46899489562853
2019,2,Yelp,-0.011052368421052594,0.8853826953659367
2019,3,AMD,-0.022381095238095332,1.6179970995914255
2019,3,Apple,0.01749990476190465,1.6957485455056918
2019,3,Cisco,0.04190485714285635,0.9462184324240834
2019,3,Google,0.10913214285714326,1.2537425915239413
2019,3,Intel,-0.07714338095238221,0.5903909069433226
2019,3,Meta,0.5709511904761913,3.654900400912847
2019,3,Microsoft,0.12095357142857142,2.8847058260033274
2019,3,Nvidia,0.07940442857142757,2.63647980815753
2019,3,Salesforce,-0.3885729047619036,3.371176664462047
2019,3,Yelp,-0.15047623809523816,0.8029133191675984
2019,4,AMD,-0.07571400000000038,0.688558767523684
2019,4,Apple,0.16238171428571355,1.0908467538321447
2019,4,Cisco,0.09666719047619023,0.5996721164430224
2019,4,Google,0.15628542857142674,1.449892308846209
2019,4,Intel,0.024286047619046344,2.3036049261044944
2019,4,Meta,0.22904542857143015,7.102970356106918
2019,4,Microsoft,0.1885728095238098,3.962003386823248
2019,4,Nvidia,0.005356714285714556,1.0547272110378656
2019,4,Salesforce,-0.06428604761904651,2.894725020614771
2019,4,Yelp,0.20809533333333366,1.7685483087365599
2019,5,AMD,0.10545409090909143,0.7134004609050053
2019,5,Apple,0.0837500909090917,3.0298661499448163
2019,5,Cisco,0.02499954545454647,1.503549852301577
2019,5,Google,0.022727636363636415,1.1906607259281108
2019,5,Intel,-0.0413638636363642,2.8135890881063546
2019,5,Meta,0.10772704545454494,4.852811374677773
2019,5,Microsoft,0.15590763636363647,1.5089640607501602
2019,5,Nvidia,-0.20306809090909086,3.7336725549864
2019,5,Salesforce,0.19181822727272582,3.311252170787719
2019,5,Yelp,-0.06272781818181918,4.002682910416798
2019,6,AMD,-0.1844998000000002,1.432381384011754
2019,6,Apple,0.07612549999999914,1.8441306076024566
2019,6,Cisco,-0.06450020000000016,1.368816673281768
2019,6,Google,-0.14522474999999985,1.1975125515060743
2019,6,Intel,0.00899920000000023,1.2182924671120754
2019,6,Meta,-0.3899995000000004,9.561938624995205
2019,6,Microsoft,-0.045499350000002894,4.611294303044194
2019,6,Nvidia,0.05024959999999936,1.8400411839357829
2019,6,Salesforce,-0.548001149999996,4.028715298220816
2019,6,Yelp,0.03800045000000054,0.9024170884209657
2019,7,AMD,0.001818590909089999,1.1330807724451601
2019,7,Apple,0.04113659090909103,0.8225129031746563
2019,7,Cisco,-0.02500004545454618,0.8505624570451688
2019,7,Google,0.1372269090909093,2.0818888507709876
2019,7,Intel,0.0922725454545466,1.6810575749264567
2019,7,Meta,0.2813645000000029,3.591180420414317
2019,7,Microsoft,-0.20545472727272598,1.755711365413415
2019,7,Nvidia,-0.06738563636363634,1.5386592297883035
2019,7,Salesforce,-0.1131799545454545,2.128663299128402
2019,7,Yelp,-0.021363772727272655,0.585303306137163
2019,8,AMD,-0.06409050000000055,1.540375899729754
2019,8,Apple,-0.0761365454545452,1.257190182110442
2019,8,Cisco,-0.28636409090909093,2.8460998824016897
2019,8,Google,-0.03074968181818314,0.7960092276768268
2019,8,Intel,-0.15227263636363697,1.0371560620550235
2019,8,Meta,-0.49681845454545415,3.6272186117554726
2019,8,Microsoft,-0.12636622727272984,1.9490400687601386
2019,8,Nvidia,-0.12170463636363688,1.8383717345743449
2019,8,Salesforce,-0.42499700000000085,5.204419434062672
2019,8,Yelp,-0.18363700000000047,1.1862212769644604
2019,9,AMD,-0.17750020000000005,0.7162374125654208
2019,9,Apple,0.06687489999999911,1.202934657903525
2019,9,Cisco,-0.012000400000000156,0.8856186102328519
2019,9,Google,0.16202445000000054,1.004270757193474
2019,9,Intel,0.16749984999999973,1.391814366895441
2019,9,Meta,-0.5484994999999998,4.02583017460388
2019,9,Microsoft,-0.24299950000000053,1.4370502019279543
2019,9,Nvidia,0.08475049999999947,1.3321173238402542
2019,9,Salesforce,-0.44000009999999745,2.0066245990861624
2019,9,Yelp,-0.012499949999999416,1.6148694422709233
2019,10,AMD,0.14043452173913157,1.857419032819141
2019,10,Apple,0.08923908695652225,2.2295610851029637
2019,10,Cisco,-0.13956491304347815,0.5142424711092749
2019,10,Google,0.09508704347826086,1.5237067688268842
2019,10,Intel,0.12869517391304316,2.3714893267811896
2019,10,Meta,0.014347913043478586,5.096871030741265
2019,10,Microsoft,-0.2960862173913063,2.7267670472091967
2019,10,Nvidia,0.10663000000000143,2.499899220156702
2019,10,Salesforce,0.4700004347826052,4.223723139691557
2019,10,Yelp,-0.012174217391304556,0.789929537960261
2019,11,AMD,0.21500079999999855,1.8586319244346456
2019,11,Apple,0.2066270500000016,0.9284263445636532
2019,11,Cisco,-9.999999903698153e-08,1.5453690259004675
2019,11,Google,0.09652549999999813,0.6500806177385721
2019,11,Intel,0.13999955000000064,0.5200509914289169
2019,11,Meta,0.32400035000000005,3.7278528506044806
2019,11,Microsoft,0.24150014999999883,2.9049107750167575
2019,11,Nvidia,0.10512475000000059,1.1464378226427454
2019,11,Salesforce,-0.051499049999998193,1.9147993499450633
2019,11,Yelp,-0.1484996499999996,1.2959263239297176
2019,12,AMD,0.18904804761904784,2.8557520468431807
2019,12,Apple,0.28357033333333465,2.550072300817782
2019,12,Cisco,-0.02190528571428511,1.7056120258056064
2019,12,Google,0.0003087619047619228,0.9417962504447319
2019,12,Intel,-0.03190466666666597,1.3624626988869744
2019,12,Meta,-0.190476904761907,3.904216875278449
2019,12,Microsoft,0.19809628571428425,3.277758122852011
2019,12,Nvidia,0.14797647619047555,2.95278146486726
2019,12,Salesforce,0.290951666666661,2.8592246647883264
2019,12,Yelp,0.022856666666666706,0.5955179788591206
2020,1,AMD,0.1195233333333341,1.3323855624409875
2020,1,Apple,0.18630947619047605,2.043097411906941
2020,1,Cisco,-0.04523833333333321,0.8236128117146719
2020,1,Google,0.19871428571428446,1.8386598245355685
2020,1,Intel,0.11095223809523803,3.2217830520870896
2020,1,Meta,0.39095123809523596,5.60721941768074
2020,1,Microsoft,0.02571323809524036,3.9130386142104907
2020,1,Nvidia,0.021190238095238373,1.2993019182437284
2020,1,Salesforce,1.0147646190476192,5.311518543452876
2020,1,Yelp,-0.048570809523809204,1.0202156346070328
2020,2,AMD,0.2563154736842108,4.161634484731235
2020,2,Apple,0.23920963157894748,4.352166737488082
2020,2,Cisco,-0.12157910526315836,2.9709056482428533
2020,2,Google,0.06623731578947163,3.203573971640618
2020,2,Intel,-0.26105368421052555,3.9047230128875876
2020,2,Meta,0.46736721052631713,8.323897519262424
2020,2,Microsoft,0.15315721052631434,8.935669802274852
2020,2,Nvidia,0.6831586842105264,5.257245668019214
2020,2,Salesforce,0.16263052631578634,6.274008363701237
2020,2,Yelp,0.16789400000000024,1.3021235445022872
2020,3,AMD,-0.04181777272727125,3.5256596876865056
2020,3,Apple,0.34261313636363605,5.7097241267920795
2020,3,Cisco,0.3559085909090905,2.3607871288239117
2020,3,Google,0.2531591363636368,5.209368214192131
2020,3,Intel,0.5127280909090899,4.2442456869829694
2020,3,Meta,0.46454545454545576,15.29243092514325
2020,3,Microsoft,0.5640903636363649,11.29209538696391
2020,3,Nvidia,0.36999922727272794,6.6371441571601695
2020,3,Salesforce,0.26000172727272736,14.080568831362553
2020,3,Yelp,-0.10681822727272747,5.395363483905776
2020,4,AMD,0.030000095238095457,4.748188376503592
2020,4,Apple,0.1436904285714286,3.841230725095888
2020,4,Cisco,-0.04190409523809569,1.2870959546689262
2020,4,Google,-0.04110752380952525,3.3819070321916955
2020,4,Intel,0.19238071428571452,2.430775274788923
2020,4,Meta,-0.11761561904761547,12.064379346213736
2020,4,Microsoft,-0.16714252380952557,7.982306464849799
2020,4,Nvidia,-0.1424995238095233,4.264343270511312
2020,4,Salesforce,0.04904766666666525,8.777569229015743
2020,4,Yelp,0.08285704761904711,1.7146063297169016
2020,5,AMD,-0.06499970000000026,1.6178218350290412
2020,5,Apple,0.2750004499999982,2.242859952735318
2020,5,Cisco,0.040499650000001,1.9123323268230537
2020,5,Google,0.19509345000000167,1.5910800980364492
2020,5,Intel,0.02049945000000051,1.9544205106028743
2020,5,Meta,0.7855011500000018,10.632130841073423
2020,5,Microsoft,0.0710008000000002,2.682318103662811
2020,5,Nvidia,0.35512510000000075,6.3069587790729384
2020,5,Salesforce,0.24799804999999964,6.929023536698882
2020,5,Yelp,-0.03449995000000054,1.181590838479808
2020,6,AMD,-0.2300000909090911,1.6707254942522354
2020,6,Apple,0.3162488636363605,3.6956879710017376
2020,6,Cisco,-0.12181840909090914,1.1345566415956536
2020,6,Google,0.049159227272727174,1.2275988960324102
2020,6,Intel,-0.1686372272727261,1.92396735314735
2020,6,Meta,0.5050000454545434,6.336874859273982
2020,6,Microsoft,0.7436377727272698,6.470115681972963
2020,6,Nvidia,0.056592045454545374,2.5836002174897703
2020,6,Salesforce,0.7568179545454566,6.208926402161609
2020,6,Yelp,-0.026818454545454496,1.587572874054407
2020,7,AMD,0.5122727727272728,8.603450409657224
2020,7,Apple,0.14874990909090968,3.160566800753943
2020,7,Cisco,0.005909045454546332,0.518089233444576
2020,7,Google,0.2290216363636352,1.5406902203187527
2020,7,Intel,-0.1772725909090915,4.9247133642654335
2020,7,Meta,0.5109079090909087,5.677379892642659
2020,7,Microsoft,-0.03818099999999576,4.0147409412443755
2020,7,Nvidia,0.19693172727272668,2.99752152660546
2020,7,Salesforce,0.09863695454546023,4.307311631452844
2020,7,Yelp,-0.010454818181818482,0.7724197784879597
2020,8,AMD,0.4438088571428558,3.0736122553123564
2020,8,Apple,0.32988119047619235,6.617419771665942
2020,8,Cisco,0.04333342857142918,2.665276239270528
2020,8,Google,0.32292971428571515,3.120581032203368
2020,8,Intel,-0.118571238095238,0.696699504091678
2020,8,Meta,1.6333349523809488,15.436574284533188
2020,8,Microsoft,0.5933336666666649,6.508163004669657
2020,8,Nvidia,0.7550000952380965,7.731513746738642
2020,8,Salesforce,2.033333952380949,29.259842866754525
2020,8,Yelp,-0.05571409523809563,1.3301722772242432
2020,9,AMD,-0.426666285714285,4.484852054464487
2020,9,Apple,-0.9538116190476219,6.986781407504082
2020,9,Cisco,-0.05619061904761969,1.1354003939879802
2020,9,Google,-0.4070815238095242,4.083942074556312
2020,9,Intel,0.026190761904761387,0.9472534036188146
2020,9,Meta,-1.3642848571428554,15.486811258087444
2020,9,Microsoft,-0.7257152857142877,8.12606356094057
2020,9,Nvidia,-0.4515471428571448,5.952241817417549
2020,9,Salesforce,-0.9523788095238095,11.43324567943444
2020,9,Yelp,-0.1771425714285716,1.184734732214318
2020,10,AMD,-0.5104554999999984,3.195235920773107
2020,10,Apple,-0.28090809090909113,3.4605881853238083
2020,10,Cisco,-0.09727263636363598,1.4368872151908172
2020,10,Google,0.05654522727272848,2.803950728704113
2020,10,Intel,-0.06318127272727316,3.6592674290515874
2020,10,Meta,-0.8090890000000002,8.220666156752598
2020,10,Microsoft,-0.1581807727272749,6.022159268671251
2020,10,Nvidia,-0.7744319090909099,4.614265253822412
2020,10,Salesforce,-1.5736381363636374,9.46310854386144
2020,10,Yelp,-0.040454409090909624,0.5823730991959852
2020,11,AMD,0.41750034999999885,3.9504204377448633
2020,11,Apple,0.07749855000000068,3.0617053264659613
2020,11,Cisco,0.01200065000000059,2.3908904271050266
2020,11,Google,0.14956485000000014,2.0284152494516086
2020,11,Intel,0.02699900000000177,0.9560524200015112
2020,11,Meta,-0.07950145000000078,8.170827143336801
2020,11,Microsoft,-0.07100060000000212,4.995135066233109
2020,11,Nvidia,-0.3057487500000008,4.459238751150002
2020,11,Salesforce,-1.1629981,8.163424999067981
2020,11,Yelp,0.33249974999999987,4.649497242481503
2020,12,AMD,-0.19363677272727386,2.045147640169997
2020,12,Apple,0.13999968181817996,4.78846702275563
2020,12,Cisco,0.1577270454545447,0.3906437953000527
2020,12,Google,0.027851772727271653,1.7203404319775135
2020,12,Intel,0.19363654545454556,1.7340007882336106
2020,12,Meta,0.09045127272726848,5.781320335805116
2020,12,Microsoft,0.3504541363636365,4.433947997074063
2020,12,Nvidia,-0.34318204545455183,2.1845976057048215
2020,12,Salesforce,-1.1300013636363673,4.681949797465934
2020,12,Yelp,-0.04954572727272706,1.8186484101023304
2021,1,AMD,-0.5305267894736829,3.1017410079713845
2021,1,Apple,-0.06421100000000324,5.443387453079407
2021,1,Cisco,0.1505262105263164,0.5062880279572093
2021,1,Google,0.3056845789473671,3.3625184988588894
2021,1,Intel,0.029473315789474736,3.415972284561318
2021,1,Meta,-1.581580157894736,10.00032408796752
2021,1,Microsoft,0.032630421052630254,7.990090593395283
2021,1,Nvidia,-0.3692086315789477,3.2744846901405373
2021,1,Salesforce,-0.37473889473684013,4.318517389878389
2021,1,Yelp,0.06894842105263128,1.3738924824504355
2021,2,AMD,-0.060525736842103287,3.047737800662192
2021,2,Apple,-0.49105236842105693,5.295126866076991
2021,2,Cisco,0.12473726315789466,1.1695232404710048
2021,2,Google,0.41186800000000057,3.010754914518407
2021,2,Intel,0.40631568421052616,1.906986516081296
2021,2,Meta,0.3894750526315833,5.224965738132248
2021,2,Microsoft,0.4447373157894734,4.845037775598863
2021,2,Nvidia,0.31749999999999845,6.768149165432758
2021,2,Salesforce,-0.658420052631581,7.553731867055759
2021,2,Yelp,0.23052536842105367,1.4805262130755046
2021,3,AMD,-0.4821744782608689,2.9521816501394835
2021,3,Apple,-0.216088434782608,2.4138550898566495
2021,3,Cisco,0.24521656521739124,2.2752480412236924
2021,3,Google,-0.06415152173912947,1.2274948437458026
2021,3,Intel,-0.08391313043478268,1.8950046022873466
2021,3,Meta,0.8078282173912971,12.850023195547607
2021,3,Microsoft,-0.15217399999999853,3.372712052428431
2021,3,Nvidia,-0.7034779130434738,4.595413036648652
2021,3,Salesforce,-0.7617380000000008,3.278305978241035
2021,3,Yelp,-0.1426090869565214,2.020843459124421
2021,4,AMD,-0.30237976190476057,1.9841690059440786
2021,4,Apple,0.14047604761904675,3.3460407721681293
2021,4,Cisco,-0.01571471428571583,0.4823338430417176
2021,4,Google,0.3093686666666645,3.200861085792403
2021,4,Intel,-0.1476181428571408,3.427704808823504
2021,4,Meta,-0.15428371428570894,8.029620769383614
2021,4,Microsoft,0.8799976190476164,5.19405156886761
2021,4,Nvidia,0.7510696190476226,6.685262697442058
2021,4,Salesforce,0.5885700952380952,5.3057019279957
2021,4,Yelp,-0.05666599999999954,0.832507823301734
2021,5,AMD,0.0704997000000013,1.8568240498243138
2021,5,Apple,-0.2510006999999973,2.232476741297321
2021,5,Cisco,0.16750015000000004,0.783081136854148
2021,5,Google,0.03904835000000091,2.647432612168248
2021,5,Intel,-0.07250044999999936,1.1881823410049177
2021,5,Meta,0.737498450000001,8.484691150480007
2021,5,Microsoft,-0.29550160000000003,3.605313598450839
2021,5,Nvidia,0.03675080000000008,7.157888066912055
2021,5,Salesforce,-0.6535009499999986,6.953953251134696
2021,5,Yelp,0.09949999999999903,0.7720576697859797
2021,6,AMD,0.39909122727272456,3.467444957675083
2021,6,Apple,0.46908959090909197,4.052130447570257
2021,6,Cisco,-0.04045454545454548,0.7278303614027845
2021,6,Google,0.15747527272727202,2.0607703211757378
2021,6,Intel,-0.11000049999999978,0.8159342058725968
2021,6,Meta,0.6722733181818306,7.74780874725082
2021,6,Microsoft,0.6995454545454591,7.575226406919455
2021,6,Nvidia,1.4525008636363645,10.575536655525335
2021,6,Salesforce,0.3545428181818202,4.0969515518274555
2021,6,Yelp,0.0004551363636373651,0.9007050823250262
2021,7,AMD,0.5547620952380944,5.087895374022934
2021,7,Apple,0.5690459999999982,2.940631563670656
2021,7,Cisco,0.056666857142856894,0.8451958823404163
2021,7,Google,0.24391057142857164,3.479600856940375
2021,7,Intel,-0.018094952380951195,1.284860012405043
2021,7,Meta,0.39285704761904244,10.191612676177002
2021,7,Microsoft,0.4795300476190505,4.655215939312161
2021,7,Nvidia,-0.42845157142856954,6.691910922574294
2021,7,Salesforce,-0.371905142857142,3.685864434937059
2021,7,Yelp,-0.11619119047619025,1.246404819280503
2021,8,AMD,0.06000040909090904,3.382842167494459
2021,8,Apple,0.3268182272727271,2.108709158721847
2021,8,Cisco,0.2031822727272738,1.5687238591675945
2021,8,Google,0.5002740454545473,3.1213085535893503
2021,8,Intel,-0.10000009090909016,0.6368241767730936
2021,8,Meta,1.3899979999999992,7.458051164411772
2021,8,Microsoft,0.7059076818181893,6.8158756470214215
2021,8,Nvidia,0.6604545909090934,11.5032813244056
2021,8,Salesforce,0.3381853636363688,8.573863909930106
2021,8,Yelp,-0.1372726363636361,1.040361643167244
2021,9,AMD,-0.35238066666666495,2.7578567390892617
2021,9,Apple,-0.6957150476190463,4.627815562147604
2021,9,Cisco,-0.23761942857142837,1.515138428439727
2021,9,Google,-0.5032310952380986,3.5979476617786315
2021,9,Intel,-0.06476157142857122,0.6339834752254917
2021,9,Meta,-1.0885708095238091,15.603782810325313
2021,9,Microsoft,-1.0766717619047605,6.469436782801049
2021,9,Nvidia,-0.5657116190476229,6.823028429958177
2021,9,Salesforce,0.28238133333333404,8.688155553144428
2021,9,Yelp,-0.07904757142857138,1.3306734597835903
2021,10,AMD,0.6395241904761891,7.885256413429386
2021,10,Apple,0.5923803333333334,3.843007699937984
2021,10,Cisco,0.0104761428571436,0.6637637482040847
2021,10,Google,0.47742714285714155,3.7316517926727966
2021,10,Intel,-0.050952714285714136,2.6440597544309363
2021,10,Meta,-0.5371399047619055,8.467495104771052
2021,10,Microsoft,1.6857184285714333,12.577127759627206
2021,10,Nvidia,1.3419051904761856,16.54272992002883
2021,10,Salesforce,0.8114275714285804,9.846516946721819
2021,10,Yelp,0.004762000000000842,0.6376164775393859
2021,11,AMD,1.2276191904761902,10.350327180062777
2021,11,Apple,0.6519062857142885,5.482597173877843
2021,11,Cisco,0.1528564285714294,1.3539901194165158
2021,11,Google,-0.44422109523809655,2.3387954174970336
2021,11,Intel,-0.019047761904761137,0.6972203201704833
2021,11,Meta,-0.7147623809523767,6.341489012848305
2021,11,Microsoft,-0.16047885714285062,3.797751327118708
2021,11,Nvidia,0.16666676190475896,20.93947447638356
2021,11,Salesforce,-0.4928561428571492,7.7773235654697634
2021,11,Yelp,-0.17285657142857266,1.6472197298134361
2021,12,AMD,-0.8277268181818133,5.720718008633597
2021,12,Apple,0.39727290909090907,5.541097268711103
2021,12,Cisco,0.31181809090909046,2.7756114754407846
2021,12,Google,0.04686054545454577,2.1970188084279827
2021,12,Intel,-0.10681790909090888,1.0099098363389807
2021,12,Meta,0.1645450909090972,11.326606171611324
2021,12,Microsoft,0.010912681818180918,6.8163940696495
2021,12,Nvidia,-1.9240889090908952,13.507990946570693
2021,12,Salesforce,-0.8481826363636393,5.59934327130156
2021,12,Yelp,0.08909086363636444,1.0189574933895542
2022,1,AMD,-1.3300006500000017,13.349166795051916
2022,1,Apple,-0.3400002000000015,6.760573680625691
2022,1,Cisco,-0.05599990000000084,2.7837364770926767
2022,1,Google,-0.33042565000000224,5.116492343856154
2022,1,Intel,-0.13400055000000002,2.4641366630976793
2022,1,Meta,-0.15799725000000536,14.581010952662158
2022,1,Microsoft,-2.0715010499999975,11.35412397550953
2022,1,Nvidia,-2.047500000000004,24.80073935464187
2022,1,Salesforce,-0.5989989999999992,10.768380948920255
2022,1,Yelp,-0.01550020000000032,1.4025653520383499
2022,2,AMD,-0.07684205263157876,5.956545911199683
2022,2,Apple,0.19473894736841962,4.70693556892609
2022,2,Cisco,0.0757891052631587,0.9778479452235558
2022,2,Google,-0.7452887894736829,5.112198886546077
2022,2,Intel,0.17578947368421108,1.4949017194323184
2022,2,Meta,-0.3657900526315754,34.45576084746299
2022,2,Microsoft,0.15263284210526476,8.422322974342858
2022,2,Nvidia,0.7121044210526278,11.338060762169953
2022,2,Salesforce,-0.29789805263157637,10.654849176314826
2022,2,Yelp,0.1110525789473689,0.9983334213169078
2022,3,AMD,-0.4913038260869565,5.9813382726562025
2022,3,Apple,0.5034796086956518,7.93555149644609
2022,3,Cisco,-0.054783304347824247,0.7043164411613928
2022,3,Google,0.023292347826087037,5.174882198572739
2022,3,Intel,0.09086973913043542,2.202908029555708
2022,3,Meta,0.34261091304348235,13.595696568768322
2022,3,Microsoft,0.2008705652173939,11.540860439662945
2022,3,Nvidia,0.9017386521739073,24.37615817544635
2022,3,Salesforce,-0.7369576521739134,8.511185276932911
2022,3,Yelp,-0.02000030434782659,1.4301172011043748
2022,4,AMD,-1.15700035,7.818883786941014
2022,4,Apple,-0.6580017999999968,6.001494737832485
2022,4,Cisco,-0.26799970000000145,1.9716151091912137
2022,4,Google,-1.0509502999999996,8.470636148869197
2022,4,Intel,-0.2079998499999988,1.2505038065982435
2022,4,Meta,-1.7885002999999997,17.463197545168978
2022,4,Microsoft,-1.7650008999999927,12.596901853317371
2022,4,Nvidia,-3.877498649999994,26.493793359462813
2022,4,Salesforce,-1.673501499999999,13.964094525310566
2022,4,Yelp,-0.04600049999999989,0.8311025081819632
2022,5,AMD,0.6604761428571405,4.8769340206152485
2022,5,Apple,0.10619104761904975,7.895313435291419
2022,5,Cisco,0.022380857142855974,2.9500089631101916
2022,5,Google,0.35828628571428295,4.053641172827169
2022,5,Intel,0.04761900000000046,1.3073888773875595
2022,5,Meta,0.8700009047619043,9.905861831250935
2022,5,Microsoft,-0.03714347619047468,10.529990561559233
2022,5,Nvidia,0.711903904761905,11.863718412099255
2022,5,Salesforce,-0.14619138095238104,7.742721620413454
2022,5,Yelp,-0.06095200000000034,1.866739248542348
2022,6,AMD,-0.9742853333333327,10.406646114712533
2022,6,Apple,-0.14714114285714736,6.309181833363944
2022,6,Cisco,-0.0600000952380949,0.9929625833604822
2022,6,Google,0.12160752380952256,3.7965509466524687
2022,6,Intel,-0.24619033333333343,2.666392270448139
2022,6,Meta,-1.6099977619047636,14.878988392007486
2022,6,Microsoft,0.3061922380952394,10.174011249810718
2022,6,Nvidia,-0.8076192857142841,13.515162298150498
2022,6,Salesforce,0.0638100476190451,9.65997759678069
2022,6,Yelp,-0.022380952380952328,1.337877060816012
2022,7,AMD,1.0549988500000005,6.445621781158152
2022,7,Apple,1.2340003500000023,5.902944460421043
2022,7,Cisco,0.2029998500000012,1.029457010529332
2022,7,Google,0.643700049999999,3.741876635490092
2022,7,Intel,0.11150045000000049,1.412841210357839
2022,7,Meta,1.136500550000001,7.249596157886054
2022,7,Microsoft,0.9159957500000004,7.753140990201696
2022,7,Nvidia,1.6230002499999983,12.126518786571449
2022,7,Salesforce,1.075497300000002,7.087162106084062
2022,7,Yelp,0.24199990000000007,1.5577896921264511
2022,8,AMD,0.19434856521739186,5.029366068965214
2022,8,Apple,-0.07130434782608884,4.9675360064875465
2022,8,Cisco,-0.16608752173913024,1.2458142992844998
2022,8,Google,-0.11565156521739207,4.053298086169033
2022,8,Intel,-0.11565217391304271,1.3968889796343482
2022,8,Meta,-0.010000434782608389,7.475831503975078
2022,8,Microsoft,-0.42652039130434394,9.47323765867592
2022,8,Nvidia,0.5369555217391302,11.932145856388379
2022,8,Salesforce,-0.22826282608696022,10.975994805957875
2022,8,Yelp,0.0004342608695667571,2.311044111970032
2022,9,AMD,-0.5871430952380956,6.7523610237389695
2022,9,Apple,-0.2814300000000003,5.27323396583639
2022,9,Cisco,-0.2009519047619039,2.0245465862405347
2022,9,Google,-0.21071438095238193,5.0032372841997255
2022,9,Intel,-0.26904790476190416,1.8144513673102
2022,9,Meta,-0.488571857142857,11.258234133230895
2022,9,Microsoft,-0.8090493333333375,10.086104230624647
2022,9,Nvidia,-0.29095338095238243,6.950653915928575
2022,9,Salesforce,0.16428490476190763,5.593353551886091
2022,9,Yelp,0.09571433333333244,0.952116058477281
2022,10,AMD,0.03238123809523837,3.806661226024207
2022,10,Apple,0.907617476190479,4.89008051982297
2022,10,Cisco,0.13333352380952354,1.9014004898147732
2022,10,Google,0.3088106190476183,3.056053180002567
2022,10,Intel,0.06999985714285761,1.0539016293665187
2022,10,Meta,0.13095100000000484,13.645203549406448
2022,10,Microsoft,1.009525190476189,8.03402379460654
2022,10,Nvidia,0.6019044285714288,7.373255476702556
2022,10,Salesforce,0.6614283809523794,7.416135195659929
2022,10,Yelp,0.22714238095238062,1.5295269714154986
2022,11,AMD,0.23142857142857276,6.543092633533732
2022,11,Apple,-0.21381128571428576,5.115471656587615
2022,11,Cisco,-0.02333328571428559,1.8913831721914593
2022,11,Google,-0.014046714285715297,5.1409427824415355
2022,11,Intel,0.03238099999999953,1.0084592331871434
2022,11,Meta,0.7890475714285712,9.339952922304375
2022,11,Microsoft,0.35142809523809354,10.837209741112812
2022,11,Nvidia,0.8919066190476193,11.55395960300513
2022,11,Salesforce,-0.16047519047618916,6.24407791918707
2022,11,Yelp,-0.30809571428571436,2.728665321186925
2022,12,AMD,-0.2752383809523803,4.113767881338219
2022,12,Apple,-0.859049333333334,6.9700303010113185
2022,12,Cisco,-0.11904728571428487,0.9318401099827629
2022,12,Google,-0.3685719523809555,4.420246181530821
2022,12,Intel,-0.10142857142857171,1.3160340689251873
2022,12,Meta,0.4333332380952387,2.8917712539543365
2022,12,Microsoft,-0.17666700000000088,6.771193354278642
2022,12,Nvidia,-0.45380928571428364,11.661445409658741
2022,12,Salesforce,0.0952380476190491,4.902104821183593
2022,12,Yelp,-0.03000009523809495,1.3540826950376577
